{
  "models": {
    "Logistic Regression": {
      "accuracy": 0.96,
      "precision": 0.9613896376160527,
      "recall": 0.96,
      "f1": 0.9602781976088428,
      "confusion_matrix": [
        [
          54,
          0,
          2,
          0
        ],
        [
          0,
          49,
          2,
          0
        ],
        [
          0,
          2,
          59,
          0
        ],
        [
          0,
          2,
          0,
          30
        ]
      ]
    },
    "Random Forest": {
      "accuracy": 0.95,
      "precision": 0.9532665832290362,
      "recall": 0.95,
      "f1": 0.9502740120713543,
      "confusion_matrix": [
        [
          54,
          0,
          2,
          0
        ],
        [
          0,
          45,
          6,
          0
        ],
        [
          0,
          1,
          60,
          0
        ],
        [
          0,
          1,
          0,
          31
        ]
      ]
    },
    "SVM": {
      "accuracy": 0.96,
      "precision": 0.9609475666567548,
      "recall": 0.96,
      "f1": 0.960012224215978,
      "confusion_matrix": [
        [
          55,
          0,
          1,
          0
        ],
        [
          0,
          50,
          1,
          0
        ],
        [
          2,
          2,
          57,
          0
        ],
        [
          0,
          2,
          0,
          30
        ]
      ]
    },
    "XGBoost": {
      "accuracy": 0.955,
      "precision": 0.9563470814899386,
      "recall": 0.955,
      "f1": 0.9552276705276705,
      "confusion_matrix": [
        [
          54,
          0,
          2,
          0
        ],
        [
          0,
          47,
          4,
          0
        ],
        [
          1,
          1,
          59,
          0
        ],
        [
          0,
          1,
          0,
          31
        ]
      ]
    }
  },
  "best_model": "Logistic Regression"
}